Country Name,Country Code,Series Name,Series Code,2010 [YR2010],2011 [YR2011],2012 [YR2012],2013 [YR2013],2014 [YR2014],2015 [YR2015],2016 [YR2016],2017 [YR2017],2018 [YR2018],2019 [YR2019]
Afghanistan,AFG,"Adolescent fertility rate (births per 1,000 women ages 15-19)",SP.ADO.TFRT,113.715,107.256,100.797,94.429,88.061,81.693,75.325,68.957,65.141,..
Afghanistan,AFG,"Agriculture, forestry, and fishing, value added (% of GDP)",NV.AGR.TOTL.ZS,26.2100685374552,23.7436639877543,24.390873626371,22.8106627361766,22.1370413719574,20.6343227166798,21.0810862110389,20.466505165881,..,..
Afghanistan,AFG,"Annual freshwater withdrawals, total (% of internal resources)",ER.H2O.FWTL.ZS,..,..,..,..,..,..,..,..,..,..
Afghanistan,AFG,Births attended by skilled health staff (% of total),SH.STA.BRTC.ZS,34.3,38.6,39.9,..,45.2,50.5,..,..,..,..
Afghanistan,AFG,CO2 emissions (metric tons per capita),EN.ATM.CO2E.PC,0.289987629819143,0.406424217113203,0.345148782903553,0.310341014879365,0.293946407148718,..,..,..,..,..
Afghanistan,AFG,"Contraceptive prevalence, any methods (% of women ages 15-49)",SP.DYN.CONU.ZS,21.8,21.2,..,..,..,22.5,..,..,..,..
Afghanistan,AFG,Domestic credit provided by financial sector (% of GDP),FS.AST.DOMS.GD.ZS,4.78127813093516,-2.57726260304426,-1.98191286952519,-2.07088493544429,-0.607983748758687,-0.411140734651524,-1.18697784869419,-2.46913113860585,-5.3247182714035,..
Afghanistan,AFG,Electric power consumption (kWh per capita),EG.USE.ELEC.KH.PC,..,..,..,..,..,..,..,..,..,..
Afghanistan,AFG,Energy use (kg of oil equivalent per capita),EG.USE.PCAP.KG.OE,..,..,..,..,..,..,..,..,..,..
Afghanistan,AFG,Exports of goods and services (% of GDP),NE.EXP.GNFS.ZS,18.5741706990603,21.9049520576614,18.9665412856843,19.5915817114032,15.7823773876924,11.6879840129778,5.93336084187306,5.90481551542003,..,..
Afghanistan,AFG,"External debt stocks, total (DOD, current US$)",DT.DOD.DECT.CD,2435623906,2627714623.1,2729151877.8,2586976889.5,2612976572.3,2636960122.3,2596711667.7,2716954638.9,2605357557.8,..
Afghanistan,AFG,"Fertility rate, total (births per woman)",SP.DYN.TFRT.IN,5.977,5.77,5.562,5.359,5.163,4.976,4.8,4.633,4.473,..
Afghanistan,AFG,"Foreign direct investment, net inflows (BoP, current US$)",BX.KLT.DINV.CD.WD,190774431.98,52173421,56823660,48311346,42975262.5,169146608,93591315.3,51533896.765,119435105.715177,..
Afghanistan,AFG,Forest area (sq. km),AG.LND.FRST.K2,13500,13500,13500,13500,13500,13500,13500,..,..,..
Afghanistan,AFG,GDP (current US$),NY.GDP.MKTP.CD,15856574731.4411,17804280538.1102,20001615788.6719,20561054090.3995,20484873230.2111,19907111418.9938,19362642266.6484,20191764940.1602,19362969582.3643,..
Afghanistan,AFG,GDP growth (annual %),NY.GDP.MKTP.KD.ZG,14.3624414596816,0.4263547928566,12.7522870825788,5.60074466131904,2.72454336495028,1.45131465458005,2.2603142045464,2.66529204636836,1.03066005804328,..
Afghanistan,AFG,"GNI per capita, Atlas method (current US$)",NY.GNP.PCAP.CD,510,530,630,660,630,600,570,550,550,..
Afghanistan,AFG,"GNI per capita, PPP (current international $)",NY.GNP.PCAP.PP.CD,1640,1620,1810,1880,1900,1900,1910,1940,1970,..
Afghanistan,AFG,"GNI, Atlas method (current US$)",NY.GNP.ATLS.CD,14872471841.9848,16077117862.1267,19583319575.6253,21249369830.015,21141552523.4793,20583384002.9751,20007171970.8706,20091447897.1673,20316592975.0527,..
Afghanistan,AFG,"GNI, PPP (current international $)",NY.GNP.MKTP.PP.CD,47871884293.4102,48940525323.2712,56390324156.1369,60708991115.001,63314619107.9214,65514856446.3054,67454810885.4103,70565716023.6751,73130655911.4229,..
Afghanistan,AFG,Gross capital formation (% of GDP),NE.GDI.TOTL.ZS,17.9590715577026,16.6745915347705,16.9062545747092,17.3435142294074,18.1568547742439,19.454687306501,17.8087896337255,19.174225458679,..,..
Afghanistan,AFG,High-technology exports (% of manufactured exports),TX.VAL.TECH.MF.ZS,..,..,..,..,..,..,..,..,..,..
Afghanistan,AFG,"Immunization, measles (% of children ages 12-23 months)",SH.IMM.MEAS,62,64,59,57,60,63,64,64,64,..
Afghanistan,AFG,Imports of goods and services (% of GDP),NE.IMP.GNFS.ZS,62.750313922893,66.8747089278908,62.6202604187823,55.1523271838943,51.4135473635928,43.4375425849813,41.7256945837375,45.3320652802564,..,..
Afghanistan,AFG,Income share held by lowest 20%,SI.DST.FRST.20,..,..,..,..,..,..,..,..,..,..
Afghanistan,AFG,"Industry (including construction), value added (% of GDP)",NV.IND.TOTL.ZS,21.1514206977128,22.7402524820273,21.1578071539751,20.4446053132561,21.2296632181805,22.1240424906926,21.8232227792274,22.1276696065895,..,..
Afghanistan,AFG,"Inflation, GDP deflator (annual %)",NY.GDP.DEFL.KD.ZG,3.81463032579354,16.593346721495,7.30175647720745,4.82278547610282,0.566944539835859,2.44756300761806,5.10271288797584,1.94772264230163,0.791838824045186,..
Afghanistan,AFG,"Life expectancy at birth, total (years)",SP.DYN.LE00.IN,61.028,61.553,62.054,62.525,62.966,63.377,63.763,64.13,64.486,..
Afghanistan,AFG,Merchandise trade (% of GDP),TG.VAL.TOTL.GD.ZS,34.950801758031,38.7041755787309,47.4861636197375,44.1076608238416,40.5128208836589,41.6635031845278,36.8234867008891,41.4030176399907,42.7723648729128,..
Afghanistan,AFG,Military expenditure (% of GDP),MS.MIL.XPND.GD.ZS,1.94583653549399,1.82134648454597,1.17541658160723,1.07694984690258,1.29801299872616,0.993454695099871,0.955493294290016,0.94396349195364,0.984560504130132,..
Afghanistan,AFG,Mobile cellular subscriptions (per 100 people),IT.CEL.SETS.P2,35.0031267231369,45.8136261570673,49.2279769673842,52.0835762736241,55.1595146342637,57.2710680715414,61.0546377144842,65.929134064576,59.1208482338053,..
Afghanistan,AFG,"Mortality rate, under-5 (per 1,000 live births)",SH.DYN.MORT,88,84.1,80.5,76.9,73.6,70.4,67.5,64.7,62.3,..
Afghanistan,AFG,Net barter terms of trade index (2000 = 100),TT.PRI.MRCH.XD.WD,146.8795748,146.5436497,143.3108772,143.2743931,145.3961812,154.2115483,163.4791706,168.7567961,164.6672286,..
Afghanistan,AFG,Net migration,SM.POP.NETM,..,..,521769,..,..,..,..,-314602,..,..
Afghanistan,AFG,Net official development assistance and official aid received (current US$),DT.ODA.ALLD.CD,6235319824.21875,6745740234.375,6666770019.53125,5152540039.0625,4942970214.84375,4274229980.46875,4069419921.875,3811739990.23438,3788889892.57813,..
Afghanistan,AFG,"Personal remittances, received (current US$)",BX.TRF.PWKR.CD.DT,378206657.0181,179116561.3764,219416087.481463,347165291.814146,253367821.603343,348624717.302647,627710802.377386,1084019406.79695,803546453.786557,..
Afghanistan,AFG,Population density (people per sq. km of land area),EN.POP.DNST,44.7040820390283,46.1315029255889,47.7305639800263,49.4280381705113,51.1147780534877,52.7120715007812,54.1971142358239,55.5959930153479,56.937760009803,..
Afghanistan,AFG,Population growth (annual %),SP.POP.GROW,2.74657628012835,3.14312590262153,3.40758697372751,3.49458904891961,3.35558166118149,3.07708359546317,2.77831740938728,2.54834664435549,2.38476110022344,..
Afghanistan,AFG,"Population, total",SP.POP.TOTL,29185507,30117413,31161376,32269589,33370794,34413603,35383128,36296400,37172386,..
Afghanistan,AFG,Poverty headcount ratio at $1.90 a day (2011 PPP) (% of population),SI.POV.DDAY,..,..,..,..,..,..,..,..,..,..
Afghanistan,AFG,Poverty headcount ratio at national poverty lines (% of population),SI.POV.NAHC,..,38.3,..,..,..,..,54.5,..,..,..
Afghanistan,AFG,"Prevalence of HIV, total (% of population ages 15-49)",SH.DYN.AIDS.ZS,0.1,0.1,0.1,0.1,0.1,0.1,0.1,0.1,0.1,..
Afghanistan,AFG,"Prevalence of underweight, weight for age (% of children under 5)",SH.STA.MALN.ZS,..,..,..,24.6,..,..,..,..,19.1,..
Afghanistan,AFG,"Primary completion rate, total (% of relevant age group)",SE.PRM.CMPT.ZS,..,..,..,..,..,..,79.9346,84.41495,85.62533,..
Afghanistan,AFG,"Revenue, excluding grants (% of GDP)",GC.REV.XGRT.GD.ZS,11.0919491573205,11.5101607150307,10.2006246425162,9.40560933162746,8.61373050462046,10.1311181683697,11.7974188681463,12.1856722657834,..,..
Afghanistan,AFG,"School enrollment, primary (% gross)",SE.PRM.ENRR,100.07171,97.64164,103.49239,104.49843,105.91971,103.53452,102.48647,102.17579,103.99616,..
Afghanistan,AFG,"School enrollment, primary and secondary (gross), gender parity index (GPI)",SE.ENR.PRSC.FM.ZS,0.62581,0.66345,0.66925,0.65533,0.65402,0.64233,0.64567,0.64169,0.63602,..
Afghanistan,AFG,"School enrollment, secondary (% gross)",SE.SEC.ENRR,50.56725,51.75691,53.61805,53.57513,52.5829,51.66995,51.65594,53.6432,55.42521,..
Afghanistan,AFG,Statistical Capacity score (Overall average),IQ.SCI.OVRL,52.2222222222222,51.1111111111111,50,53.3333333333333,54.4444444444444,51.1111,51.1111,51.1111,50,50
Afghanistan,AFG,Surface area (sq. km),AG.SRF.TOTL.K2,652860,652860,652860,652860,652860,652860,652860,652860,652860,..
Afghanistan,AFG,Tax revenue (% of GDP),GC.TAX.TOTL.GD.ZS,9.16975191915408,8.91679399595736,7.70780060287773,7.12277329020889,6.88210294277301,7.58538233129798,8.84261615837187,9.25046804855966,..,..
Afghanistan,AFG,Terrestrial and marine protected areas (% of total territorial area),ER.PTD.TOTL.ZS,..,..,..,..,..,..,0.104707040342723,0.104707034792812,0.104707034792812,..
Afghanistan,AFG,Time required to start a business (days),IC.REG.DURS,9.5,9.5,9.5,6.5,8.5,8.5,8.5,8.5,8.5,8.5
Afghanistan,AFG,"Total debt service (% of exports of goods, services and primary income)",DT.TDS.DECT.EX.ZS,0.386179962701183,0.324924830973702,0.601515386639221,1.58336454190378,1.93696502901412,3.32630258056776,4.66984970692656,4.91445884503577,..,..
Afghanistan,AFG,Urban population growth (annual %),SP.URB.GROW,3.63095436314569,4.02810214835549,4.28893801297526,4.37235475998294,4.2297678342528,3.95176219129098,3.64941022142383,3.46340748347353,3.35038297624495,..
Bangladesh,BGD,"Adolescent fertility rate (births per 1,000 women ages 15-19)",SP.ADO.TFRT,90.8034,89.7042,88.605,87.4764,86.3478,85.2192,84.0906,82.962,82.3128,..
Bangladesh,BGD,"Agriculture, forestry, and fishing, value added (% of GDP)",NV.AGR.TOTL.ZS,17.0011812592919,16.8099867573503,16.1775631728154,15.4932779979784,15.3516208986344,14.7829964369364,14.0455462197579,13.4134659962126,13.0743171021391,..
Bangladesh,BGD,"Annual freshwater withdrawals, total (% of internal resources)",ER.H2O.FWTL.ZS,..,..,34.1619047619048,..,..,..,..,..,..,..
Bangladesh,BGD,Births attended by skilled health staff (% of total),SH.STA.BRTC.ZS,26.5,31.7,..,43.5,42.1,..,49.8,..,..,..
Bangladesh,BGD,CO2 emissions (metric tons per capita),EN.ATM.CO2E.PC,0.406145623292441,0.424812929970862,0.44703518540601,0.456320609091594,0.473657610012808,..,..,..,..,..
Bangladesh,BGD,"Contraceptive prevalence, any methods (% of women ages 15-49)",SP.DYN.CONU.ZS,..,61.2,..,61.8,62.3,..,..,..,..,..
Bangladesh,BGD,Domestic credit provided by financial sector (% of GDP),FS.AST.DOMS.GD.ZS,57.3945439888998,61.2715389601201,59.9368820310169,57.9223520150046,60.0209098275594,60.1638551412674,61.4430019576263,63.6693097613582,64.0615001435472,..
Bangladesh,BGD,Electric power consumption (kWh per capita),EG.USE.ELEC.KH.PC,247.263382529192,265.639421278666,283.46216563492,301.961168038611,320.204158205446,..,..,..,..,..
Bangladesh,BGD,Energy use (kg of oil equivalent per capita),EG.USE.PCAP.KG.OE,206.761159361013,212.057371523082,219.9696403776,222.056661842427,229.246412864672,..,..,..,..,..
Bangladesh,BGD,Exports of goods and services (% of GDP),NE.EXP.GNFS.ZS,16.0241126856916,19.9220749554939,20.1615888634893,19.5378741103687,18.9896599950107,17.3366737865485,16.6497149603036,15.0361076278794,14.800958178109,..
Bangladesh,BGD,"External debt stocks, total (DOD, current US$)",DT.DOD.DECT.CD,26880728269.2,27276716589.7,28558969427.5,31840837468.2,33007846624.5,36309037511.9,38823339911.9,47158386506.8,52124147979.8,..
Bangladesh,BGD,"Fertility rate, total (births per woman)",SP.DYN.TFRT.IN,2.324,2.273,2.228,2.188,2.152,2.12,2.09,2.062,2.036,..
Bangladesh,BGD,"Foreign direct investment, net inflows (BoP, current US$)",BX.KLT.DINV.CD.WD,1232258246.59254,1264725163.33408,1584403459.98466,2602962095.36816,2539190939.6837,2831152765.15515,2332724780.71108,1810395803.56746,2940222419.73224,..
Bangladesh,BGD,Forest area (sq. km),AG.LND.FRST.K2,14420,14394.0002441406,14368.0004882813,14341.9995117188,14315.9997558594,14290,14264.0002441406,..,..,..
Bangladesh,BGD,GDP (current US$),NY.GDP.MKTP.CD,115279077465.226,128637938711.386,133355749482.478,149990451022.29,172885454931.453,195078678697.23,221415188000.475,249723862487.361,274024958965.892,..
Bangladesh,BGD,GDP growth (annual %),NY.GDP.MKTP.KD.ZG,5.57180227396866,6.46438388047517,6.52143507837333,6.01361036536019,6.06105935903958,6.55265279631962,7.1134894741232,7.28418409195113,7.86370889257542,..
Bangladesh,BGD,"GNI per capita, Atlas method (current US$)",NY.GNP.PCAP.CD,800,890,970,1040,1110,1220,1370,1520,1750,..
Bangladesh,BGD,"GNI per capita, PPP (current international $)",NY.GNP.PCAP.PP.CD,2670,2860,3090,3280,3460,3680,3910,4170,4570,..
Bangladesh,BGD,"GNI, Atlas method (current US$)",NY.GNP.ATLS.CD,118314369980.501,133342228078.985,146862450772.408,158833009562.007,171249753198.435,191313737871.667,216290527551.009,242753902142.751,282036256832.374,..
Bangladesh,BGD,"GNI, PPP (current international $)",NY.GNP.MKTP.PP.CD,393543966696.074,427013979840.347,465927032726.365,500667990240.959,534156898505.076,574312825138.138,617619591391.684,665863505837.144,737577741327.076,..
Bangladesh,BGD,Gross capital formation (% of GDP),NE.GDI.TOTL.ZS,26.2466561760577,27.4209733686034,28.2623350089151,28.3896207543569,28.5778757115563,28.886689247008,29.6525653284139,30.5104546214646,31.2349240448468,..
Bangladesh,BGD,High-technology exports (% of manufactured exports),TX.VAL.TECH.MF.ZS,0.213043476657069,0.194958419698882,0.462636614859582,0.299132579766414,..,0.307887774918671,..,..,..,..
Bangladesh,BGD,"Immunization, measles (% of children ages 12-23 months)",SH.IMM.MEAS,88,93,88,91,94,97,97,97,97,..
Bangladesh,BGD,Imports of goods and services (% of GDP),NE.IMP.GNFS.ZS,21.7787299851405,27.4987748801959,27.9493338841896,26.7585286136071,25.5244202017989,24.7493225204896,21.3045813926876,20.2678924628174,23.4439348097981,..
Bangladesh,BGD,Income share held by lowest 20%,SI.DST.FRST.20,8.9,..,..,..,..,..,8.6,..,..,..
Bangladesh,BGD,"Industry (including construction), value added (% of GDP)",NV.IND.TOTL.ZS,24.9564767264585,25.0452996007551,25.309959389543,26.307070164309,26.3110467833576,26.8313948329541,27.3461176033502,27.7508999829539,28.5369876541411,..
Bangladesh,BGD,"Inflation, GDP deflator (annual %)",NY.GDP.DEFL.KD.ZG,7.14464872957153,7.85944603491285,8.16459774560592,7.17494866801481,5.66878852759376,5.87276420529186,6.72784118978132,6.27868326675198,5.5974306017424,..
Bangladesh,BGD,"Life expectancy at birth, total (years)",SP.DYN.LE00.IN,69.881,70.256,70.606,70.93,71.231,71.514,71.785,72.052,72.32,..
Bangladesh,BGD,Merchandise trade (% of GDP),TG.VAL.TOTL.GD.ZS,40.7836365746264,47.1501647240183,44.4675240701128,44.135476324531,41.3707445940773,38.1517859855471,36.0074666602495,35.5140270203408,36.7674537313007,..
Bangladesh,BGD,Military expenditure (% of GDP),MS.MIL.XPND.GD.ZS,1.32083739648164,1.355517777279,1.32441949149986,1.25819752209315,1.27941246310601,1.35096990580134,1.37967232355361,1.37505781019649,1.36491749632018,..
Bangladesh,BGD,Mobile cellular subscriptions (per 100 people),IT.CEL.SETS.P2,46.0265553690069,56.5196796725766,64.3551699713877,76.2974562071688,82.1047375757376,84.0770862861214,86.0769063232833,94.5264734995475,100.244712514522,..
Bangladesh,BGD,"Mortality rate, under-5 (per 1,000 live births)",SH.DYN.MORT,49.1,46.2,43.4,40.8,38.4,36.1,33.9,31.9,30.2,..
Bangladesh,BGD,Net barter terms of trade index (2000 = 100),TT.PRI.MRCH.XD.WD,61.2316455,56.54987671,61.24603867,60.89058455,60.71208158,67.89248122,68.95699785,65.23708961,62.19521317,..
Bangladesh,BGD,Net migration,SM.POP.NETM,..,..,-2306839,..,..,..,..,-1847503,..,..
Bangladesh,BGD,Net official development assistance and official aid received (current US$),DT.ODA.ALLD.CD,1327329956.05469,1437520019.53125,2154050048.82813,2633590087.89063,2422639892.57813,2592909912.10938,2532669921.875,3781679931.64063,3040219970.70313,..
Bangladesh,BGD,"Personal remittances, received (current US$)",BX.TRF.PWKR.CD.DT,10850211617.3056,12071073184.1575,14119627033.9854,13866954019.3967,14987531478.7427,15295536094.8351,13574285886.2473,13501933032.7097,15562375118.6369,..
Bangladesh,BGD,Population density (people per sq. km of land area),EN.POP.DNST,1133.71306752708,1146.76022124914,1160.0814857494,1173.57821310594,1187.06435430591,1200.40159791042,1213.57332718752,1226.63127448721,1239.57931166936,..
Bangladesh,BGD,Population growth (annual %),SP.POP.GROW,1.12480349318572,1.14426212709209,1.15494812990907,1.1567134531016,1.14259465675468,1.11728356461223,1.0913004822347,1.0702440222443,1.05004464945676,..
Bangladesh,BGD,"Population, total",SP.POP.TOTL,147575430,149273778,151007807,152764676,154520167,156256276,157970840,159670593,161356039,..
Bangladesh,BGD,Poverty headcount ratio at $1.90 a day (2011 PPP) (% of population),SI.POV.DDAY,19.6,..,..,..,..,..,14.8,..,..,..
Bangladesh,BGD,Poverty headcount ratio at national poverty lines (% of population),SI.POV.NAHC,31.5,..,..,..,..,..,24.3,..,..,..
Bangladesh,BGD,"Prevalence of HIV, total (% of population ages 15-49)",SH.DYN.AIDS.ZS,0.1,0.1,0.1,0.1,0.1,0.1,0.1,0.1,0.1,..
Bangladesh,BGD,"Prevalence of underweight, weight for age (% of children under 5)",SH.STA.MALN.ZS,..,36.7,..,35.1,32.8,..,..,..,21.9,..
Bangladesh,BGD,"Primary completion rate, total (% of relevant age group)",SE.PRM.CMPT.ZS,67.83219,..,..,..,..,..,..,..,..,..
Bangladesh,BGD,"Revenue, excluding grants (% of GDP)",GC.REV.XGRT.GD.ZS,9.74382934646306,10.4626574311705,11.1452302740666,11.1604123716535,10.8668856085968,9.84448413886165,10.2095727194732,..,..,..
Bangladesh,BGD,"School enrollment, primary (% gross)",SE.PRM.ENRR,105.97455,..,..,..,..,..,..,114.98866,116.46634,..
Bangladesh,BGD,"School enrollment, primary and secondary (gross), gender parity index (GPI)",SE.ENR.PRSC.FM.ZS,1.08595,..,..,..,..,..,..,1.11664,1.11591,..
Bangladesh,BGD,"School enrollment, secondary (% gross)",SE.SEC.ENRR,51.6377,52.43137,55.20997,60.16874,..,65.62919,71.41584,69.66317,72.6906,..
Bangladesh,BGD,Statistical Capacity score (Overall average),IQ.SCI.OVRL,68.8888888888889,68.8888888888889,65.5555555555556,65.5555555555556,80,76.6667,74.4444333333333,70.0000333333333,72.2222333333333,65.5555666666667
Bangladesh,BGD,Surface area (sq. km),AG.SRF.TOTL.K2,148460,148460,148460,148460,147630,147630,147630,147630,147630,..
Bangladesh,BGD,Tax revenue (% of GDP),GC.TAX.TOTL.GD.ZS,7.83468474946733,8.68592470557816,9.02456268993842,8.96241331564248,8.6353777373447,8.49834882820801,8.76502765162342,..,..,..
Bangladesh,BGD,Terrestrial and marine protected areas (% of total territorial area),ER.PTD.TOTL.ZS,..,..,..,..,..,..,4.88867647961894,4.88864858128713,4.88864858128713,..
Bangladesh,BGD,Time required to start a business (days),IC.REG.DURS,..,..,..,21.8,19.5,19.5,19.5,19.5,19.5,19.5
Bangladesh,BGD,"Total debt service (% of exports of goods, services and primary income)",DT.TDS.DECT.EX.ZS,5.18516512487588,6.04699370692531,5.91883264768914,6.01694040778257,5.96522080245709,4.73124838600401,4.70441125773544,5.51941852894818,6.33414913186766,..
Bangladesh,BGD,Urban population growth (annual %),SP.URB.GROW,3.62779977264436,3.61816790410472,3.58475643743851,3.53193034795629,3.47463118896842,3.39617261165386,3.32511311876737,3.25524439189964,3.1855928338674,..
Bhutan,BTN,"Adolescent fertility rate (births per 1,000 women ages 15-19)",SP.ADO.TFRT,35.951,31.97,27.989,26.428,24.867,23.306,21.745,20.184,18.895,..
Bhutan,BTN,"Agriculture, forestry, and fishing, value added (% of GDP)",NV.AGR.TOTL.ZS,14.7830365260402,14.2955526346574,13.9639784725288,14.091215783923,14.5144485084427,14.4368680377192,14.3946237029361,15.0336187776508,15.8885470123696,..
Bhutan,BTN,"Annual freshwater withdrawals, total (% of internal resources)",ER.H2O.FWTL.ZS,..,..,0.433205128205128,..,..,..,..,..,..,..
Bhutan,BTN,Births attended by skilled health staff (% of total),SH.STA.BRTC.ZS,64.5,70,74.6,89,89,89,89,..,..,..
Bhutan,BTN,CO2 emissions (metric tons per capita),EN.ATM.CO2E.PC,0.711464428310306,1.05784237081313,1.16556558525506,1.2959275623101,1.39222953427828,..,..,..,..,..
Bhutan,BTN,"Contraceptive prevalence, any methods (% of women ages 15-49)",SP.DYN.CONU.ZS,65.6,..,..,..,..,..,..,..,..,..
Bhutan,BTN,Domestic credit provided by financial sector (% of GDP),FS.AST.DOMS.GD.ZS,46.6750768637901,51.6990736254105,53.796351975285,50.9429743075247,48.6284250021547,53.2184322716976,54.8227350018088,61.47879897056,66.2834896740441,..
Bhutan,BTN,Electric power consumption (kWh per capita),EG.USE.ELEC.KH.PC,..,..,..,..,..,..,..,..,..,..
Bhutan,BTN,Energy use (kg of oil equivalent per capita),EG.USE.PCAP.KG.OE,..,..,..,..,..,..,..,..,..,..
Bhutan,BTN,Exports of goods and services (% of GDP),NE.EXP.GNFS.ZS,43.4806924297224,42.2049152858837,39.6473523328092,41.4302253577404,37.4519506327829,34.4356493648852,29.6169745214801,30.0831893934836,30.8201275602703,..
Bhutan,BTN,"External debt stocks, total (DOD, current US$)",DT.DOD.DECT.CD,934629272.1,1070492249.6,1449649049.9,1603150602.3,1841155795.2,2011104004.5,2289670297,2607949876.9,2549154261.3,..
Bhutan,BTN,"Fertility rate, total (births per woman)",SP.DYN.TFRT.IN,2.301,2.224,2.159,2.107,2.067,2.037,2.014,1.994,1.975,..
Bhutan,BTN,"Foreign direct investment, net inflows (BoP, current US$)",BX.KLT.DINV.CD.WD,75274009.0283126,31141614.8601365,24380673.5733894,20433631.0650379,23534931.751976,6450953.8497443,11884162.3485119,-16553759.9525493,2649712.66204277,..
Bhutan,BTN,Forest area (sq. km),AG.LND.FRST.K2,27052.900390625,27152.1997070313,27251.4990234375,27350.80078125,27450.1000976563,27549.2993164063,27648.5009765625,..,..,..
Bhutan,BTN,GDP (current US$),NY.GDP.MKTP.CD,1547991317.5991,1777101316.47545,1781281280.6802,1756215665.54698,1907090812.90884,2003598213.03141,2158972128.46907,2450364928.75022,2446674101.3737,..
Bhutan,BTN,GDP growth (annual %),NY.GDP.MKTP.KD.ZG,11.9458959913586,7.98261705441502,5.11840086156701,2.11997276871381,5.7764955410216,6.64223222684073,8.12703338369289,4.65183482618016,3.02764059455085,..
Bhutan,BTN,"GNI per capita, Atlas method (current US$)",NY.GNP.PCAP.CD,2040,2240,2390,2410,2460,2520,2650,2800,2970,..
Bhutan,BTN,"GNI per capita, PPP (current international $)",NY.GNP.PCAP.PP.CD,6150,6640,6910,7170,7530,8090,8590,9000,9250,..
Bhutan,BTN,"GNI, Atlas method (current US$)",NY.GNP.ATLS.CD,1396068031.11032,1553945281.82318,1678864074.0596,1714626355.5977,1766282616.31208,1836530512.73649,1949050272.95933,2085855963.58731,2239474150.18651,..
Bhutan,BTN,"GNI, PPP (current international $)",NY.GNP.MKTP.PP.CD,4213557421.28968,4605085734.52367,4850916361.84831,5092962748.93847,5417632666.8821,5885052528.27327,6324888682.0465,6713224810.62013,6980310101.58179,..
Bhutan,BTN,Gross capital formation (% of GDP),NE.GDI.TOTL.ZS,63.1960516570036,69.2917680346475,69.5274141116953,47.0628671279951,53.1094664221538,55.4612985453228,57.0062250667983,51.9494469659855,47.4627313632325,..
Bhutan,BTN,High-technology exports (% of manufactured exports),TX.VAL.TECH.MF.ZS,0.137310610162976,8.7561068211553E-05,0.0230299190869201,..,..,..,..,..,..,..
Bhutan,BTN,"Immunization, measles (% of children ages 12-23 months)",SH.IMM.MEAS,95,95,95,94,97,97,97,97,97,..
Bhutan,BTN,Imports of goods and services (% of GDP),NE.IMP.GNFS.ZS,72.4438036979337,72.1959181090203,64.539489542952,63.7690810371918,60.8571473578176,67.7560787574033,55.7880788737169,52.7266551083194,55.8915879319988,..
Bhutan,BTN,Income share held by lowest 20%,SI.DST.FRST.20,..,..,6.7,..,..,..,..,6.7,..,..
Bhutan,BTN,"Industry (including construction), value added (% of GDP)",NV.IND.TOTL.ZS,43.8148168266123,41.9767059347562,42.6088022565136,43.3669119447126,41.6525963096886,42.4870860202314,42.5511112820884,41.8429635969118,38.3025603610505,..
Bhutan,BTN,"Inflation, GDP deflator (annual %)",NY.GDP.DEFL.KD.ZG,5.8543111747357,8.51029909941575,9.17992965346896,5.86984315957424,6.92096102152291,3.5570680789087,4.38341141234658,5.10492102073907,1.77848192629338,..
Bhutan,BTN,"Life expectancy at birth, total (years)",SP.DYN.LE00.IN,68.384,68.84,69.263,69.662,70.046,70.419,70.781,71.129,71.46,..
Bhutan,BTN,Merchandise trade (% of GDP),TG.VAL.TOTL.GD.ZS,96.5767690686222,96.6742854823454,85.6686710039014,82.7347135380127,79.440370104306,80.3554320186827,70.728101575021,65.3780170130449,67.029769068108,..
Bhutan,BTN,Military expenditure (% of GDP),MS.MIL.XPND.GD.ZS,..,..,..,..,..,..,..,..,..,..
Bhutan,BTN,Mobile cellular subscriptions (per 100 people),IT.CEL.SETS.P2,57.5221406762625,69.8385110010414,79.9465778007101,76.6415999166475,86.8551084409398,92.8382032104369,94.7964458102803,97.9961451949735,93.2615577130071,..
Bhutan,BTN,"Mortality rate, under-5 (per 1,000 live births)",SH.DYN.MORT,42.5,40.2,38.1,36.4,34.7,33.3,32,30.8,29.7,..
Bhutan,BTN,Net barter terms of trade index (2000 = 100),TT.PRI.MRCH.XD.WD,131.5998041,134.8823241,123.2060868,118.91692,117.5398433,114.7558937,112.6695027,120.5331337,122.0535966,..
Bhutan,BTN,Net migration,SM.POP.NETM,..,..,300,..,..,..,..,1600,..,..
Bhutan,BTN,Net official development assistance and official aid received (current US$),DT.ODA.ALLD.CD,97239997.8637695,118650001.525879,161649993.896484,136800003.051758,130639999.389648,97279998.7792969,51599998.4741211,118540000.915527,100470001.220703,..
Bhutan,BTN,"Personal remittances, received (current US$)",BX.TRF.PWKR.CD.DT,8273480.86460516,10460534.0047244,18144730.4308342,11804283.7060374,14292342.8904863,19656507.9192159,34343456.661168,43153828.4255767,58148515.7992805,..
Bhutan,BTN,Population density (people per sq. km of land area),EN.POP.DNST,17.9841805173895,18.1886824482827,18.4060395358324,18.6331035784084,18.8644439281988,19.0958367480163,19.3138899659506,19.5461414400175,19.7775277714448,..
Bhutan,BTN,Population growth (annual %),SP.POP.GROW,1.05292996830851,1.13070458298015,1.18792892435323,1.22609146984808,1.23391155085832,1.21914633778051,1.20622662373157,1.19533737394963,1.17684339517943,..
Bhutan,BTN,"Population, total",SP.POP.TOTL,685503,693298,701583,710238,719056,727876,736709,745568,754394,..
Bhutan,BTN,Poverty headcount ratio at $1.90 a day (2011 PPP) (% of population),SI.POV.DDAY,..,..,2.2,..,..,..,..,1.5,..,..
Bhutan,BTN,Poverty headcount ratio at national poverty lines (% of population),SI.POV.NAHC,..,..,12,..,..,..,..,8.2,..,..
Bhutan,BTN,"Prevalence of HIV, total (% of population ages 15-49)",SH.DYN.AIDS.ZS,0.3,0.3,0.3,0.3,0.3,0.3,0.3,0.3,0.3,..
Bhutan,BTN,"Prevalence of underweight, weight for age (% of children under 5)",SH.STA.MALN.ZS,12.7,..,..,..,..,..,..,..,..,..
Bhutan,BTN,"Primary completion rate, total (% of relevant age group)",SE.PRM.CMPT.ZS,87.29344,89.07045,98.97335,96.63999,96.23844,..,100.66216,100,..,..
Bhutan,BTN,"Revenue, excluding grants (% of GDP)",GC.REV.XGRT.GD.ZS,22.0003040853172,20.9584047663061,21.3202880036468,20.4550808795972,19.9238183354208,19.5021275072733,18.7058576923927,18.4870455227118,..,..
Bhutan,BTN,"School enrollment, primary (% gross)",SE.PRM.ENRR,108.21445,110.87698,111.90103,106.94311,105.47682,104.23377,102.66068,101.33414,100.13968,..
Bhutan,BTN,"School enrollment, primary and secondary (gross), gender parity index (GPI)",SE.ENR.PRSC.FM.ZS,1.029,1.03222,1.03747,1.03837,1.04076,1.03525,1.04809,1.04927,1.05822,..
Bhutan,BTN,"School enrollment, secondary (% gross)",SE.SEC.ENRR,63.56648,67.24879,71.69738,75.61265,82.71892,84.01727,85.34537,87.8676,90.09468,..
Bhutan,BTN,Statistical Capacity score (Overall average),IQ.SCI.OVRL,75.5555555555556,77.7777777777778,74.4444444444444,75.5555555555556,78.8888888888889,68.8889,68.8889,65.5556,60.0000333333333,66.6667
Bhutan,BTN,Surface area (sq. km),AG.SRF.TOTL.K2,38393.9990234375,38393.9990234375,38393.9990234375,38393.9990234375,38393.9990234375,38393.9990234375,38393.9990234375,38393.9990234375,38393.9990234375,..
Bhutan,BTN,Tax revenue (% of GDP),GC.TAX.TOTL.GD.ZS,13.4615326373597,13.8352247032601,15.0542417237449,14.7226979088787,13.698650702631,13.1139952499689,12.8432622646582,12.4113874161075,..,..
Bhutan,BTN,Terrestrial and marine protected areas (% of total territorial area),ER.PTD.TOTL.ZS,..,..,..,..,..,..,48.0073121564601,48.0078510451912,48.0078510451912,..
Bhutan,BTN,Time required to start a business (days),IC.REG.DURS,46,35,35,30,15,15,15,12,12,12
Bhutan,BTN,"Total debt service (% of exports of goods, services and primary income)",DT.TDS.DECT.EX.ZS,14.4166531632125,11.2068085183067,18.3195541196345,11.4571238046459,12.2166354436367,17.2349218495232,16.5842564061531,11.0494953869853,10.7368669697054,..
Bhutan,BTN,Urban population growth (annual %),SP.URB.GROW,3.32891641278289,3.3814897774105,3.37281887238288,3.34238531074542,3.28306571489666,3.20356530166702,3.12683909619403,3.05206233010632,2.97300923031395,..
India,IND,"Adolescent fertility rate (births per 1,000 women ages 15-19)",SP.ADO.TFRT,34.6548,31.3534,28.052,25.077,22.102,19.127,16.152,13.177,12.0708,..
India,IND,"Agriculture, forestry, and fishing, value added (% of GDP)",NV.AGR.TOTL.ZS,17.0265090139755,17.1919704272881,16.8453770659344,17.1484235434587,16.7919345145841,16.1745081066222,16.2498096711745,15.6194549517091,14.6019340171103,..
India,IND,"Annual freshwater withdrawals, total (% of internal resources)",ER.H2O.FWTL.ZS,..,..,44.7786998616874,..,44.7786998616874,..,..,..,..,..
India,IND,Births attended by skilled health staff (% of total),SH.STA.BRTC.ZS,..,..,..,..,81.1,..,81.4,..,..,..
India,IND,CO2 emissions (metric tons per capita),EN.ATM.CO2E.PC,1.39327329120641,1.47308087826488,1.59466840041331,1.58860010420502,1.72767050665838,..,..,..,..,..
India,IND,"Contraceptive prevalence, any methods (% of women ages 15-49)",SP.DYN.CONU.ZS,..,..,..,..,..,..,53.5,..,..,..
India,IND,Domestic credit provided by financial sector (% of GDP),FS.AST.DOMS.GD.ZS,73.414824943219,76.1458900573925,77.1794747105878,77.9168477225884,75.9081700334318,75.6110618990861,74.5030176380727,72.0767298362434,..,..
India,IND,Electric power consumption (kWh per capita),EG.USE.ELEC.KH.PC,640.394603119482,696.842241149244,723.235461275311,764.198741627301,804.514228089279,..,..,..,..,..
India,IND,Energy use (kg of oil equivalent per capita),EG.USE.PCAP.KG.OE,561.653402684576,577.99406108219,599.154414162954,605.792141172954,636.570155596225,..,..,..,..,..
India,IND,Exports of goods and services (% of GDP),NE.EXP.GNFS.ZS,22.4009332488238,24.5404048907945,24.534430661418,25.430861300519,22.9679630081172,19.8131891564045,19.1947533657266,18.7806122639953,19.7380186739389,..
India,IND,"External debt stocks, total (DOD, current US$)",DT.DOD.DECT.CD,290427544563.2,334399298473.1,392576047064.3,427245080644.8,457507432258.6,478834120154.1,455510349251.4,511483959284.2,521390564017.4,..
India,IND,"Fertility rate, total (births per woman)",SP.DYN.TFRT.IN,2.581,2.506,2.439,2.381,2.333,2.295,2.266,2.243,2.222,..
India,IND,"Foreign direct investment, net inflows (BoP, current US$)",BX.KLT.DINV.CD.WD,27396885033.7839,36498654597.8589,23995685014.2142,28153031270.3203,34576643694.1383,44009492129.5319,44458571545.798,39966091358.7384,42117450737.2644,..
India,IND,Forest area (sq. km),AG.LND.FRST.K2,697900,699683.984375,701467.96875,703252.03125,705036.015625,706820,708603.984375,..,..,..
India,IND,GDP (current US$),NY.GDP.MKTP.CD,1675615335600.56,1823050405350.42,1827637859135.7,1856722121394.53,2039127446298.55,2103587813812.75,2290432075123.75,2652242857923.91,2718732231257.57,..
India,IND,GDP growth (annual %),NY.GDP.MKTP.KD.ZG,8.49758470158106,5.2413447428854,5.45635895072287,6.38610640094825,7.41022760508852,7.99625378571471,8.16952650547138,7.16788886086535,6.81136932613997,..
India,IND,"GNI per capita, Atlas method (current US$)",NY.GNP.PCAP.CD,1220,1360,1480,1520,1560,1600,1690,1830,2020,..
India,IND,"GNI per capita, PPP (current international $)",NY.GNP.PCAP.PP.CD,4310,4580,4850,5190,5620,6060,6560,7090,7680,..
India,IND,"GNI, Atlas method (current US$)",NY.GNP.ATLS.CD,1505735408734.57,1704431803849.04,1870994289564.98,1941116409609.61,2020999036099.81,2097598587508.73,2244116632004.01,2443418663434.86,2727893916562.77,..
India,IND,"GNI, PPP (current international $)",NY.GNP.MKTP.PP.CD,5323989038391.6,5731191947199.37,6141496508599.91,6643581378540.74,7275510245840.11,7943090639283.58,8687007142626.74,9493084625583.63,10393259586873.1,..
India,IND,Gross capital formation (% of GDP),NE.GDI.TOTL.ZS,40.2202988006515,39.5904114837224,38.3474156730403,34.0232020837499,34.2678056156548,32.1167301358276,30.2120167674393,30.9412542357494,31.3077860225827,..
India,IND,High-technology exports (% of manufactured exports),TX.VAL.TECH.MF.ZS,7.67324605955113,7.76525596804629,7.42855405651073,8.68912719935026,9.09662570895559,7.99080243197538,7.64553108494774,7.35225095353592,9.00794862053066,..
India,IND,"Immunization, measles (% of children ages 12-23 months)",SH.IMM.MEAS,82,84,83,83,85,87,88,90,90,..
India,IND,Imports of goods and services (% of GDP),NE.IMP.GNFS.ZS,26.8542732486568,31.0834605511169,31.2592910673332,28.4132706461587,25.9542227389497,22.1097247094602,20.9641355476839,21.9860681936875,23.6396344113843,..
India,IND,Income share held by lowest 20%,SI.DST.FRST.20,..,7.7,..,..,..,..,..,..,..,..
India,IND,"Industry (including construction), value added (% of GDP)",NV.IND.TOTL.ZS,30.725078228098,30.1616777111582,29.3985276966295,28.4048995601136,27.6564012029651,27.34739147794,26.6421680349534,26.4981745253768,26.7463909887849,..
India,IND,"Inflation, GDP deflator (annual %)",NY.GDP.DEFL.KD.ZG,10.5260308561853,8.73357790025646,7.93438847569151,6.18650400083453,3.33175691706155,2.27958810849836,3.12422744124767,3.83550478943577,4.11160882298169,..
India,IND,"Life expectancy at birth, total (years)",SP.DYN.LE00.IN,66.693,67.13,67.545,67.931,68.286,68.607,68.897,69.165,69.416,..
India,IND,Merchandise trade (% of GDP),TG.VAL.TOTL.GD.ZS,34.4102842549686,42.0924730192801,43.034893158317,42.0227125539916,38.5264786380095,31.3897045639939,27.3027961314336,28.1911589568865,30.7579757353742,..
India,IND,Military expenditure (% of GDP),MS.MIL.XPND.GD.ZS,2.70746404217818,2.65149668110065,2.53734660363375,2.47272671433353,2.49676988106994,2.4051274700264,2.50647075056096,2.50962455841482,2.41903434166523,..
India,IND,Mobile cellular subscriptions (per 100 people),IT.CEL.SETS.P2,60.9415438137163,71.4925296212346,68.3152481680337,69.1969937356643,72.8626207549064,76.4075994294841,85.1486834808295,87.3177371937469,86.9425631882511,..
India,IND,"Mortality rate, under-5 (per 1,000 live births)",SH.DYN.MORT,58.2,55.1,52.1,49.1,46.3,43.6,41.1,38.7,36.6,..
India,IND,Net barter terms of trade index (2000 = 100),TT.PRI.MRCH.XD.WD,93.47166416,89.99256996,90.08283332,92.44597165,93.82252823,104.2283051,108.1865157,103.7422529,97.91991919,..
India,IND,Net migration,SM.POP.NETM,..,..,-2350075,..,..,..,..,-2663434,..,..
India,IND,Net official development assistance and official aid received (current US$),DT.ODA.ALLD.CD,2831340087.89063,3270219970.70313,1681849975.58594,2456340087.89063,2991820068.35938,3174350097.65625,2678889892.57813,3198389892.57813,2453979980.46875,..
India,IND,"Personal remittances, received (current US$)",BX.TRF.PWKR.CD.DT,53479960083.2432,62499075444.7366,68820517837.6536,69970360846.7858,70388642796.5471,68909693352.8351,62744364089.9512,68967175499.8665,78790170928.6742,..
India,IND,Population density (people per sq. km of land area),EN.POP.DNST,415.136997635536,420.520965360438,425.732223638583,430.798613273958,435.762323968532,440.655458615157,445.484341397623,450.243285831043,454.938072575247,..
India,IND,Population growth (annual %),SP.POP.GROW,1.35033904507757,1.28857558007871,1.23162292802113,1.18301607012995,1.14562398784018,1.11663309126289,1.08988008026408,1.06259739387194,1.03732336037888,..
India,IND,"Population, total",SP.POP.TOTL,1234281170,1250288729,1265782790,1280846129,1295604184,1310152403,1324509589,1338658835,1352617328,..
India,IND,Poverty headcount ratio at $1.90 a day (2011 PPP) (% of population),SI.POV.DDAY,..,21.2,..,..,..,..,..,..,..,..
India,IND,Poverty headcount ratio at national poverty lines (% of population),SI.POV.NAHC,..,21.9,..,..,..,..,..,..,..,..
India,IND,"Prevalence of HIV, total (% of population ages 15-49)",SH.DYN.AIDS.ZS,..,..,..,..,..,..,..,..,..,..
India,IND,"Prevalence of underweight, weight for age (% of children under 5)",SH.STA.MALN.ZS,..,..,..,..,29.4,36.3,..,33.4,..,..
India,IND,"Primary completion rate, total (% of relevant age group)",SE.PRM.CMPT.ZS,..,92.76336,..,96.20089,97.57112,97.71132,96.2307,94.37375,91.5993,..
India,IND,"Revenue, excluding grants (% of GDP)",GC.REV.XGRT.GD.ZS,13.1835965373936,11.4959929975181,12.599872776486,12.6089934124693,11.550620644555,12.4152095425778,13.2306661094962,12.8615640847539,..,..
India,IND,"School enrollment, primary (% gross)",SE.PRM.ENRR,109.10137,108.32336,109.7613,110.58331,107.86441,108.48523,114.53832,112.95786,..,..
India,IND,"School enrollment, primary and secondary (gross), gender parity index (GPI)",SE.ENR.PRSC.FM.ZS,0.98905,0.99853,1.0034,1.0725,1.06962,1.07018,1.09519,1.08402,..,..
India,IND,"School enrollment, secondary (% gross)",SE.SEC.ENRR,63.1162,66.2507,69.01283,68.75912,74.14153,73.86563,75.0918,73.47688,75.16113,..
India,IND,Statistical Capacity score (Overall average),IQ.SCI.OVRL,81.1111111111111,76.6666666666667,75.5555555555556,73.3333333333333,81.1111111111111,77.7778,81.1111333333333,91.1111333333333,91.1111333333333,72.2222333333333
India,IND,Surface area (sq. km),AG.SRF.TOTL.K2,3287260,3287260,3287260,3287260,3287259.0625,3287259.0625,3287259.0625,3287259.0625,3287259.0625,..
India,IND,Tax revenue (% of GDP),GC.TAX.TOTL.GD.ZS,10.3880397905448,10.1773845336217,10.8367717209692,11.0016256942917,9.98465419071312,10.5697090519718,11.0870928410331,11.1820793285267,..,..
India,IND,Terrestrial and marine protected areas (% of total territorial area),ER.PTD.TOTL.ZS,..,..,..,..,..,..,3.47930598498439,3.47930689489956,3.47930689489956,..
India,IND,Time required to start a business (days),IC.REG.DURS,..,..,..,32.7,35,30,28.5,29.8,16.5,17.5
India,IND,"Total debt service (% of exports of goods, services and primary income)",DT.TDS.DECT.EX.ZS,6.81923327447653,6.4138689129389,6.71310406387204,8.07419350339043,18.6295890118984,11.2064011727663,17.2633586067755,10.0849864854544,11.3615607742689,..
India,IND,Urban population growth (annual %),SP.URB.GROW,2.46548963968051,2.40101993560219,2.36976907855325,2.34273178575347,2.32910644452902,2.32289067229896,2.31793118261267,2.31444812598978,2.30896547809895,..
Maldives,MDV,"Adolescent fertility rate (births per 1,000 women ages 15-19)",SP.ADO.TFRT,12.6116,11.7038,10.796,10.1988,9.6016,9.0044,8.4072,7.81,7.4138,..
Maldives,MDV,"Agriculture, forestry, and fishing, value added (% of GDP)",NV.AGR.TOTL.ZS,5.63412062612204,5.385634653611,5.19060478867434,5.41343405241382,5.30718633604263,5.56470954629816,5.67545734492249,5.37211163848862,5.5904592330441,..
Maldives,MDV,"Annual freshwater withdrawals, total (% of internal resources)",ER.H2O.FWTL.ZS,..,..,15.6666666666667,..,..,..,..,..,..,..
Maldives,MDV,Births attended by skilled health staff (% of total),SH.STA.BRTC.ZS,98.2,98.8,95.5,95.6,95.6,..,..,99.5,..,..
Maldives,MDV,CO2 emissions (metric tons per capita),EN.ATM.CO2E.PC,2.55673522286689,2.59247296285102,2.79707328370721,2.62941387366967,3.06837235497627,..,..,..,..,..
Maldives,MDV,"Contraceptive prevalence, any methods (% of women ages 15-49)",SP.DYN.CONU.ZS,..,..,..,..,..,..,..,18.8,..,..
Maldives,MDV,Domestic credit provided by financial sector (% of GDP),FS.AST.DOMS.GD.ZS,66.9547645225001,60.9422303667092,53.8805935525005,49.2939806130419,45.4004707682195,47.4986865677379,53.4300349662672,50.066371401445,47.8712660998659,..
Maldives,MDV,Electric power consumption (kWh per capita),EG.USE.ELEC.KH.PC,..,..,..,..,..,..,..,..,..,..
Maldives,MDV,Energy use (kg of oil equivalent per capita),EG.USE.PCAP.KG.OE,..,..,..,..,..,..,..,..,..,..
Maldives,MDV,Exports of goods and services (% of GDP),NE.EXP.GNFS.ZS,77.5617934486833,88.0279050244333,86.1330858652378,88.2514064605124,89.2313761962802,76.5339444120003,71.8761282635669,70.0819135674494,69.0868869367027,..
Maldives,MDV,"External debt stocks, total (DOD, current US$)",DT.DOD.DECT.CD,916604218.6,881963777.1,889128987.1,1027162385.5,1097585532.2,1008673783.4,1195986067.1,1459620101.1,2332419859,..
Maldives,MDV,"Fertility rate, total (births per woman)",SP.DYN.TFRT.IN,2.206,2.171,2.129,2.084,2.038,1.991,1.947,1.906,1.87,..
Maldives,MDV,"Foreign direct investment, net inflows (BoP, current US$)",BX.KLT.DINV.CD.WD,216468945.675274,423530663.953749,227976866.718899,360816336.210787,333375218.034334,297975993.392527,456639057.30469,457808313.566538,538536564.514229,..
Maldives,MDV,Forest area (sq. km),AG.LND.FRST.K2,10,10,10,10,10,10,10,..,..,..
Maldives,MDV,GDP (current US$),NY.GDP.MKTP.CD,2588176054.6875,2774351760.03287,2886170571.69634,3295011381.75405,3697351596.83753,4109424799.72407,4379136461.83077,4735989972.05433,5327457149.72581,..
Maldives,MDV,GDP growth (annual %),NY.GDP.MKTP.KD.ZG,7.26512906840138,8.56673353050461,2.51738394219683,7.28107397899866,7.32962620344684,2.88454852960507,6.33830063626779,6.80366602180543,6.8888171958136,..
Maldives,MDV,"GNI per capita, Atlas method (current US$)",NY.GNP.PCAP.CD,5960,6600,6630,6800,7320,7650,8070,8510,9280,..
Maldives,MDV,"GNI per capita, PPP (current international $)",NY.GNP.PCAP.PP.CD,10310,11160,11320,11600,12310,12450,12810,13290,14110,..
Maldives,MDV,"GNI, Atlas method (current US$)",NY.GNP.ATLS.CD,2179912768.95731,2509498806.4428,2633260209.1918,2827269979.82207,3184015878.75393,3478444783.50075,3836709400.95399,4226324676.78633,4786256984.46698,..
Maldives,MDV,"GNI, PPP (current international $)",NY.GNP.MKTP.PP.CD,3771091529.87378,4246953323.89474,4495964487.38415,4820801680.27972,5357003384.47035,5663753679.95821,6090677923.83023,6598743547.41525,7276787489.01499,..
Maldives,MDV,Gross capital formation (% of GDP),NE.GDI.TOTL.ZS,..,..,..,..,..,..,..,..,..,..
Maldives,MDV,High-technology exports (% of manufactured exports),TX.VAL.TECH.MF.ZS,..,..,..,..,..,..,0.025307379209988,0.143975890139075,..,..
Maldives,MDV,"Immunization, measles (% of children ages 12-23 months)",SH.IMM.MEAS,97,96,98,99,99,99,99,99,99,..
Maldives,MDV,Imports of goods and services (% of GDP),NE.IMP.GNFS.ZS,65.4207135222082,82.7376455022764,74.3700052579935,72.8239540866061,74.4897853440587,67.3861853358714,73.0333004593939,74.067000422574,77.1839483892858,..
Maldives,MDV,Income share held by lowest 20%,SI.DST.FRST.20,..,..,..,..,..,..,8.3,..,..,..
Maldives,MDV,"Industry (including construction), value added (% of GDP)",NV.IND.TOTL.ZS,9.43175580619357,10.0744819854785,9.79079162730297,8.05840306592254,8.4139107553832,10.6804162069438,11.145589814187,10.9244643551777,12.9192055340995,..
Maldives,MDV,"Inflation, GDP deflator (annual %)",NY.GDP.DEFL.KD.ZG,2.88162154863596,12.6349868504909,6.77695258213396,6.43035569811721,4.64084381970453,7.9299081047869,0.225232737020391,1.38213517248649,5.26504020311766,..
Maldives,MDV,"Life expectancy at birth, total (years)",SP.DYN.LE00.IN,75.905,76.293,76.664,77.018,77.36,77.691,78.013,78.325,78.627,..
Maldives,MDV,Merchandise trade (% of GDP),TG.VAL.TOTL.GD.ZS,49.8034126258708,65.2765098531897,64.7224394260969,62.6401478134276,62.0444104358951,51.9780773246762,54.3714501877976,56.5457278373071,62.3186617309699,..
Maldives,MDV,Military expenditure (% of GDP),MS.MIL.XPND.GD.ZS,..,..,..,..,..,..,..,..,..,..
Maldives,MDV,Mobile cellular subscriptions (per 100 people),IT.CEL.SETS.P2,135.166815226367,139.410241921707,141.111477531046,150.4262583826,153.056331390872,162.621588648429,170.790221908175,181.328842349547,166.364292141106,..
Maldives,MDV,"Mortality rate, under-5 (per 1,000 live births)",SH.DYN.MORT,13.9,12.9,12.1,11.3,10.6,10,9.5,9,8.6,..
Maldives,MDV,Net barter terms of trade index (2000 = 100),TT.PRI.MRCH.XD.WD,94.02973763,87.36012623,86.50583104,89.19381315,92.67978029,100.7516678,102.4754971,107.5240875,107.5570966,..
Maldives,MDV,Net migration,SM.POP.NETM,..,..,58358,..,..,..,..,56851,..,..
Maldives,MDV,Net official development assistance and official aid received (current US$),DT.ODA.ALLD.CD,88279998.7792969,49830001.8310547,56729999.5422363,21700000.7629395,22540000.9155273,23989999.7711182,22709999.0844727,43250000,119120002.746582,..
Maldives,MDV,"Personal remittances, received (current US$)",BX.TRF.PWKR.CD.DT,3159198.48033898,2997538.93949152,3147415.8864661,3304786.6807894,3470026.01482887,3643527.31557031,3825703.68134883,4016988.86541627,4217838.30868709,..
Maldives,MDV,Population density (people per sq. km of land area),EN.POP.DNST,1219.11333333333,1268.31666666667,1324.12333333333,1385.31,1450.05,1516.38333333333,1585.04333333333,1654.67333333333,1718.98666666667,..
Maldives,MDV,Population growth (annual %),SP.POP.GROW,3.43113926553874,3.95667433955291,4.30600432861503,4.51733360677578,4.56740972879459,4.47300750595921,4.4283632941825,4.29918610769942,3.81313622480854,..
Maldives,MDV,"Population, total",SP.POP.TOTL,365734,380495,397237,415593,435015,454915,475513,496402,515696,..
Maldives,MDV,Poverty headcount ratio at $1.90 a day (2011 PPP) (% of population),SI.POV.DDAY,..,..,..,..,..,..,0,..,..,..
Maldives,MDV,Poverty headcount ratio at national poverty lines (% of population),SI.POV.NAHC,..,..,..,..,..,..,8.2,..,..,..
Maldives,MDV,"Prevalence of HIV, total (% of population ages 15-49)",SH.DYN.AIDS.ZS,..,..,..,..,..,..,..,..,..,..
Maldives,MDV,"Prevalence of underweight, weight for age (% of children under 5)",SH.STA.MALN.ZS,..,..,..,..,..,..,..,..,..,..
Maldives,MDV,"Primary completion rate, total (% of relevant age group)",SE.PRM.CMPT.ZS,..,..,..,..,..,103.691,106.95806,97.35546,..,..
Maldives,MDV,"Revenue, excluding grants (% of GDP)",GC.REV.XGRT.GD.ZS,19.1468693407657,21.3217769356971,..,..,25.6510746158126,..,..,..,..,..
Maldives,MDV,"School enrollment, primary (% gross)",SE.PRM.ENRR,..,..,..,..,..,101.53494,99.4277,97.1098,..,..
Maldives,MDV,"School enrollment, primary and secondary (gross), gender parity index (GPI)",SE.ENR.PRSC.FM.ZS,..,..,..,..,..,..,..,..,..,..
Maldives,MDV,"School enrollment, secondary (% gross)",SE.SEC.ENRR,..,..,..,..,..,..,..,..,..,..
Maldives,MDV,Statistical Capacity score (Overall average),IQ.SCI.OVRL,65.5555555555556,66.6666666666667,71.1111111111111,68.8888888888889,66.6666666666667,55.5555333333333,50,52.2222,59.9999666666667,57.7777666666667
Maldives,MDV,Surface area (sq. km),AG.SRF.TOTL.K2,300,300,300,300,300,300,300,300,300,..
Maldives,MDV,Tax revenue (% of GDP),GC.TAX.TOTL.GD.ZS,8.84762793030511,12.0781339785612,..,..,19.4636853349787,..,..,..,..,..
Maldives,MDV,Terrestrial and marine protected areas (% of total territorial area),ER.PTD.TOTL.ZS,..,..,..,..,..,..,0.0490018209813872,0.0518873782696889,0.0518873782696889,..
Maldives,MDV,Time required to start a business (days),IC.REG.DURS,12,12,12,12,12,12,12,12,12,12
Maldives,MDV,"Total debt service (% of exports of goods, services and primary income)",DT.TDS.DECT.EX.ZS,4.01402786890379,3.56080889288544,3.3146036414809,2.57838267050613,5.38526659185541,4.32415846779736,4.38477416434997,4.7911665267621,9.22993795561593,..
Maldives,MDV,Urban population growth (annual %),SP.URB.GROW,4.57191334071411,5.08920942345243,5.43348310157951,5.63279519097448,5.67862384349565,5.57672758473469,5.525323105703,5.38697243091688,4.89404521465671,..
Nepal,NPL,"Adolescent fertility rate (births per 1,000 women ages 15-19)",SP.ADO.TFRT,81.2006,78.6348,76.069,73.8794,71.6898,69.5002,67.3106,65.121,64.399,..
Nepal,NPL,"Agriculture, forestry, and fishing, value added (% of GDP)",NV.AGR.TOTL.ZS,33.1793784908122,34.9791580404315,33.1480007123477,31.5346036102421,30.267148397123,29.3829458795774,29.1491983193714,27.0811382886476,25.2923612610953,..
Nepal,NPL,"Annual freshwater withdrawals, total (% of internal resources)",ER.H2O.FWTL.ZS,..,..,..,..,..,..,..,..,..,..
Nepal,NPL,Births attended by skilled health staff (% of total),SH.STA.BRTC.ZS,..,36,..,..,55.6,..,58,..,..,..
Nepal,NPL,CO2 emissions (metric tons per capita),EN.ATM.CO2E.PC,0.187197027883985,0.20463050835649,0.21697773037891,0.246574529237155,0.298463302719902,..,..,..,..,..
Nepal,NPL,"Contraceptive prevalence, any methods (% of women ages 15-49)",SP.DYN.CONU.ZS,..,49.7,..,..,49.6,..,52.6,..,..,..
Nepal,NPL,Domestic credit provided by financial sector (% of GDP),FS.AST.DOMS.GD.ZS,67.3547075407057,66.7310605729479,68.2685484447236,69.0075117034202,70.6512495471067,74.9558614683607,85.9673219224208,84.6500666318693,101.370890985985,..
Nepal,NPL,Electric power consumption (kWh per capita),EG.USE.ELEC.KH.PC,102.542415170769,115.8222471683,120.897246529086,136.637671593028,146.467864816665,..,..,..,..,..
Nepal,NPL,Energy use (kg of oil equivalent per capita),EG.USE.PCAP.KG.OE,377.985557585673,390.824348572896,374.297578846457,417.28739969595,434.449293836093,..,..,..,..,..
Nepal,NPL,Exports of goods and services (% of GDP),NE.EXP.GNFS.ZS,9.58253617198229,8.90403042092126,10.0738929802324,10.6890751741434,11.5050876388893,11.6219397442892,9.46839939713689,8.98833492709032,8.93352532154433,..
Nepal,NPL,"External debt stocks, total (DOD, current US$)",DT.DOD.DECT.CD,3788739017.4,3828255887.9,3812045742.7,4013311461.9,3985930320.4,4150670782.8,4304236740.2,4963339523.3,5478096692.9,..
Nepal,NPL,"Fertility rate, total (births per woman)",SP.DYN.TFRT.IN,2.542,2.444,2.351,2.261,2.176,2.098,2.027,1.967,1.917,..
Nepal,NPL,"Foreign direct investment, net inflows (BoP, current US$)",BX.KLT.DINV.CD.WD,87741711.6305985,94022157.1167852,91954196.0964528,74179632.6147952,30402676.784735,51895699.9282915,105996375.590659,196265098.563575,68186670.7450293,..
Nepal,NPL,Forest area (sq. km),AG.LND.FRST.K2,36360,36360,36360,36360,36360,36360,36360,..,..,..
Nepal,NPL,GDP (current US$),NY.GDP.MKTP.CD,16002656434.4746,18913574370.76,18851513891.066,19271168018.482,20002968837.9471,21410840908.5198,21185922407.5922,25180583769.9244,29040398982.3466,..
Nepal,NPL,GDP growth (annual %),NY.GDP.MKTP.KD.ZG,4.81641465022444,3.42182824087472,4.78119225754814,4.12887767631092,5.98898466088025,3.32290543937557,0.588678498822517,8.22349948844897,6.65753266831794,..
Nepal,NPL,"GNI per capita, Atlas method (current US$)",NY.GNP.PCAP.CD,540,610,700,750,770,780,770,860,970,..
Nepal,NPL,"GNI per capita, PPP (current international $)",NY.GNP.PCAP.PP.CD,1960,2060,2210,2350,2560,2660,2680,2910,3110,..
Nepal,NPL,"GNI, Atlas method (current US$)",NY.GNP.ATLS.CD,14614765669.5279,16530084571.2312,19015096418.169,20187926225.1747,20800339739.9366,21088820528.898,21061033971.8398,23646664254.0079,27201708172.7506,..
Nepal,NPL,"GNI, PPP (current international $)",NY.GNP.MKTP.PP.CD,52971111624.5785,55810345453.6615,59749932067.3219,63287990354.9925,68954731000.9173,71965662508.3337,73110080061.7027,80348017680.2752,87426530266.2314,..
Nepal,NPL,Gross capital formation (% of GDP),NE.GDI.TOTL.ZS,38.271206448162,37.9872329281015,34.4970746603254,37.3213601740638,41.1678066653428,39.0574709024527,33.8819864642526,46.8175942603222,55.1765909343474,..
Nepal,NPL,High-technology exports (% of manufactured exports),TX.VAL.TECH.MF.ZS,0.68622166899187,0.415437676517923,0.136733163008003,0.321903661596505,0.719747885076871,0.635343570466868,0.822753210718108,1.18435238270243,..,..
Nepal,NPL,"Immunization, measles (% of children ages 12-23 months)",SH.IMM.MEAS,86,88,86,88,88,85,83,90,91,..
Nepal,NPL,Imports of goods and services (% of GDP),NE.IMP.GNFS.ZS,36.4023696022884,32.9242242240778,33.584313684409,37.4569250583034,40.7501080403152,41.473327066661,39.2830449286747,42.3751121571654,46.2971031347845,..
Nepal,NPL,Income share held by lowest 20%,SI.DST.FRST.20,8.3,..,..,..,..,..,..,..,..,..
Nepal,NPL,"Industry (including construction), value added (% of GDP)",NV.IND.TOTL.ZS,14.2007622567226,14.1076437100297,14.102062141862,14.154598406736,13.8314518741556,13.7171217933042,13.0969328317142,13.2362660636098,13.4513080941608,..
Nepal,NPL,"Inflation, GDP deflator (annual %)",NY.GDP.DEFL.KD.ZG,15.1469324454054,10.8111662211121,6.63496413638205,6.57724025569924,9.35220120504906,4.94281445787085,5.15584756059005,9.67994450481405,6.25705795774707,..
Nepal,NPL,"Life expectancy at birth, total (years)",SP.DYN.LE00.IN,67.611,68.028,68.426,68.806,69.168,69.515,69.848,70.169,70.478,..
Nepal,NPL,Merchandise trade (% of GDP),TG.VAL.TOTL.GD.ZS,37.4250364276887,35.3872825347451,37.0102902096712,38.6587880550628,42.3887077397966,34.435826371799,45.4594320450671,44.0299561809296,49.2589651013262,..
Nepal,NPL,Military expenditure (% of GDP),MS.MIL.XPND.GD.ZS,1.56366587467534,1.54065162137654,1.4318323979559,1.54186010553153,1.62934106186361,1.56373577538744,1.70428031696917,1.60549971745676,1.44280062147258,..
Nepal,NPL,Mobile cellular subscriptions (per 100 people),IT.CEL.SETS.P2,34.0409796509945,49.3856305299835,61.5381143905797,79.3641686808677,85.562175067563,101.854611975089,117.814601704782,130.629366003248,139.446361818746,..
Nepal,NPL,"Mortality rate, under-5 (per 1,000 live births)",SH.DYN.MORT,46.8,44.4,42.2,40.1,38.1,36.4,34.8,33.4,32.2,..
Nepal,NPL,Net barter terms of trade index (2000 = 100),TT.PRI.MRCH.XD.WD,73.28224007,72.0045776,72.1832228,74.0361586,76.5594995,85.14561316,85.12063705,80.47927413,76.90437614,..
Nepal,NPL,Net migration,SM.POP.NETM,..,..,-2040239,..,..,..,..,208549,..,..
Nepal,NPL,Net official development assistance and official aid received (current US$),DT.ODA.ALLD.CD,767349975.585938,749320007.324219,769679992.675781,873330017.089844,883820007.324219,1224439941.40625,1064500000,1269180053.71094,1450729980.46875,..
Nepal,NPL,"Personal remittances, received (current US$)",BX.TRF.PWKR.CD.DT,3464092681.92056,4216894009.62725,4792506200.04371,5583702127.817,5888650154.82928,6729935670.59215,6611838543.93663,6928134012.18525,8293841342.78156,..
Nepal,NPL,Population density (people per sq. km of land area),EN.POP.DNST,188.442357865365,188.639253575166,188.27946982909,187.777509591908,187.700913847227,188.455047087548,190.171824206488,192.724966864318,195.939107080572,..
Nepal,NPL,Population growth (annual %),SP.POP.GROW,0.481206222827027,0.10443136006734,-0.190907924179704,-0.2669598293678,-0.0407990131852367,0.400968921951817,0.906849996341606,1.33361289906716,1.6539802386854,..
Nepal,NPL,"Population, total",SP.POP.TOTL,27013212,27041437,26989862,26917906,26906926,27015031,27261131,27627124,28087871,..
Nepal,NPL,Poverty headcount ratio at $1.90 a day (2011 PPP) (% of population),SI.POV.DDAY,15,..,..,..,..,..,..,..,..,..
Nepal,NPL,Poverty headcount ratio at national poverty lines (% of population),SI.POV.NAHC,25.2,..,..,..,..,..,..,..,..,..
Nepal,NPL,"Prevalence of HIV, total (% of population ages 15-49)",SH.DYN.AIDS.ZS,0.2,0.2,0.2,0.2,0.2,0.2,0.2,0.1,0.1,..
Nepal,NPL,"Prevalence of underweight, weight for age (% of children under 5)",SH.STA.MALN.ZS,..,29.1,..,..,30.1,..,27.2,..,..,..
Nepal,NPL,"Primary completion rate, total (% of relevant age group)",SE.PRM.CMPT.ZS,..,..,104.31406,105.54476,109.19846,111.83081,116.80219,121.72227,..,120.44734
Nepal,NPL,"Revenue, excluding grants (% of GDP)",GC.REV.XGRT.GD.ZS,14.8983557656354,14.8931766540791,15.9921222069161,17.4445000651913,18.4483736697632,19.3338229112715,21.5028645960482,22.8964507311343,..,..
Nepal,NPL,"School enrollment, primary (% gross)",SE.PRM.ENRR,144.45194,149.95676,148.18984,145.36263,143.24789,144.17768,144.48884,143.91954,..,142.14347
Nepal,NPL,"School enrollment, primary and secondary (gross), gender parity index (GPI)",SE.ENR.PRSC.FM.ZS,1.02896,1.03849,1.05223,1.0522,1.05302,1.05463,1.05691,1.04678,..,1.04649
Nepal,NPL,"School enrollment, secondary (% gross)",SE.SEC.ENRR,57.63132,60.26435,63.7488,65.35344,66.87903,67.84369,70.77675,74.07729,..,80.17992
Nepal,NPL,Statistical Capacity score (Overall average),IQ.SCI.OVRL,64.4444444444444,63.3333333333333,66.6666666666667,61.1111111111111,65.5555555555556,72.2222333333333,70.0000333333333,73.3333333333333,77.7777666666667,77.7777666666667
Nepal,NPL,Surface area (sq. km),AG.SRF.TOTL.K2,147180,147180,147180,147180,147180,147180,147180,147180,147180,..
Nepal,NPL,Tax revenue (% of GDP),GC.TAX.TOTL.GD.ZS,13.3961154418188,13.2597438538532,13.8621685749903,15.2928211085356,15.9039766215772,16.7097622388009,18.6874518128733,20.7023851877333,..,..
Nepal,NPL,Terrestrial and marine protected areas (% of total territorial area),ER.PTD.TOTL.ZS,..,..,..,..,..,..,23.6261039405048,23.6260419833246,23.6260419833246,..
Nepal,NPL,Time required to start a business (days),IC.REG.DURS,31,29,29,17,17,17,17,18.5,18.5,22.5
Nepal,NPL,"Total debt service (% of exports of goods, services and primary income)",DT.TDS.DECT.EX.ZS,10.5607269283272,9.17699289193423,10.2575892492089,8.80265334085888,8.16171069734926,8.45279896620139,9.31129539231758,8.48171303913441,..,..
Nepal,NPL,Urban population growth (annual %),SP.URB.GROW,2.49319572816499,2.11182724512912,1.83427128644324,1.75732369765421,1.99832365754799,2.44246698283964,2.96030787295327,3.39232344263204,3.72181839256581,..
Pakistan,PAK,"Adolescent fertility rate (births per 1,000 women ages 15-19)",SP.ADO.TFRT,42.3362,41.9206,41.505,40.9644,40.4238,39.8832,39.3426,38.802,38.2106,..
Pakistan,PAK,"Agriculture, forestry, and fishing, value added (% of GDP)",NV.AGR.TOTL.ZS,23.2815896365345,25.1291827073544,23.710248671838,23.8321164648607,23.7445401162272,23.817063157555,23.2151987886214,22.9258678885003,22.8516675175736,..
Pakistan,PAK,"Annual freshwater withdrawals, total (% of internal resources)",ER.H2O.FWTL.ZS,..,..,333.636363636364,..,..,..,..,..,..,..
Pakistan,PAK,Births attended by skilled health staff (% of total),SH.STA.BRTC.ZS,..,43,51,52.1,..,..,..,..,69.3,..
Pakistan,PAK,CO2 emissions (metric tons per capita),EN.ATM.CO2E.PC,0.899517870569405,0.883365326975709,0.873000717235915,0.859160807851102,0.851472804393805,..,..,..,..,..
Pakistan,PAK,"Contraceptive prevalence, any methods (% of women ages 15-49)",SP.DYN.CONU.ZS,..,..,28.98,35.4,32,..,..,..,34.2,..
Pakistan,PAK,Domestic credit provided by financial sector (% of GDP),FS.AST.DOMS.GD.ZS,46.1867378320812,42.708005921008,46.2244456052748,49.5110202914663,47.4814107300327,48.7629477716763,52.3562277148463,53.9299518430643,57.9033130611634,..
Pakistan,PAK,Electric power consumption (kWh per capita),EG.USE.ELEC.KH.PC,442.180068232657,432.582872864292,427.847975887631,457.814826092872,447.501002589131,..,..,..,..,..
Pakistan,PAK,Energy use (kg of oil equivalent per capita),EG.USE.PCAP.KG.OE,473.849737283298,467.217543401409,462.677010633326,464.038358632391,460.234797222268,..,..,..,..,..
Pakistan,PAK,Exports of goods and services (% of GDP),NE.EXP.GNFS.ZS,13.5162678459051,13.966669657767,12.3966627590851,13.2771534315669,12.2425836268349,10.6044113782278,9.14572693911771,8.2573202960672,8.79274490221183,..
Pakistan,PAK,"External debt stocks, total (DOD, current US$)",DT.DOD.DECT.CD,62974618946,64637083091.2,62509525941.4,58549490981.3,62232135571.6,66712407468.6,73093237631.4,86070445354.8,90957392314.2,..
Pakistan,PAK,"Fertility rate, total (births per woman)",SP.DYN.TFRT.IN,3.951,3.88,3.816,3.759,3.708,3.66,3.612,3.562,3.51,..
Pakistan,PAK,"Foreign direct investment, net inflows (BoP, current US$)",BX.KLT.DINV.CD.WD,2022000000,1326000000,859000000,1333000000,1868000000,1621000000,2488000000,3232000000,2354000000,..
Pakistan,PAK,Forest area (sq. km),AG.LND.FRST.K2,16870,16440,16010,15580,15150,14720,14290,..,..,..
Pakistan,PAK,GDP (current US$),NY.GDP.MKTP.CD,177165635077.065,213587413183.996,224383620829.57,231218567178.979,244360888750.807,270556131701.171,278654637737.69,304567253219.097,314588210501.063,..
Pakistan,PAK,GDP growth (annual %),NY.GDP.MKTP.KD.ZG,1.60668862905307,2.7484059174005,3.50703342009689,4.39645663349772,4.67470798143725,4.73114747532901,5.52673584474448,5.55427675678028,5.83024190542581,..
Pakistan,PAK,"GNI per capita, Atlas method (current US$)",NY.GNP.PCAP.CD,1030,1090,1200,1290,1320,1360,1420,1500,1590,..
Pakistan,PAK,"GNI per capita, PPP (current international $)",NY.GNP.PCAP.PP.CD,4140,4280,4450,4630,4850,5050,5280,5530,5860,..
Pakistan,PAK,"GNI, Atlas method (current US$)",NY.GNP.ATLS.CD,184039271583.213,200206712005.16,223878562418.253,246697406983.636,258375333595.839,271634678171.844,289118862517.36,311259532622.511,337059830287.149,..
Pakistan,PAK,"GNI, PPP (current international $)",NY.GNP.MKTP.PP.CD,742921140948.278,784383239309.486,832836990633.165,884900125551.96,948146857713.33,1007691152792.87,1075305111563.28,1149307166642.94,1244415652787.56,..
Pakistan,PAK,Gross capital formation (% of GDP),NE.GDI.TOTL.ZS,15.8045579618102,14.120627430725,15.0759583967276,14.9573319644568,14.6352717183037,15.7070308154637,15.686124563479,16.1505351793688,16.739108012438,..
Pakistan,PAK,High-technology exports (% of manufactured exports),TX.VAL.TECH.MF.ZS,1.72518601920701,1.83669383988102,1.70847239492062,1.91266537449676,1.44225376327742,1.60656784481703,1.95497393598857,2.18479827407091,2.19850387143076,..
Pakistan,PAK,"Immunization, measles (% of children ages 12-23 months)",SH.IMM.MEAS,57,59,63,68,71,75,75,76,76,..
Pakistan,PAK,Imports of goods and services (% of GDP),NE.IMP.GNFS.ZS,19.3526587348244,18.973235487874,20.4088394482827,20.0564452502461,18.6586609892683,17.05026113955,16.1605045709581,17.5955165571328,19.7492590168979,..
Pakistan,PAK,Income share held by lowest 20%,SI.DST.FRST.20,9.6,9.3,..,9.2,..,8.9,..,..,..,..
Pakistan,PAK,"Industry (including construction), value added (% of GDP)",NV.IND.TOTL.ZS,19.7194846894423,20.5017880943991,21.2988102661312,20.2169364090313,20.0251621004652,19.0909942639717,18.2571020895745,17.8043073969293,17.9865497822054,..
Pakistan,PAK,"Inflation, GDP deflator (annual %)",NY.GDP.DEFL.KD.ZG,10.8502394557568,19.6446511273053,5.9685743809281,6.96594307851122,7.41155324090015,4.11024865863799,0.400235638822991,4.01337822405414,2.47199755141168,..
Pakistan,PAK,"Life expectancy at birth, total (years)",SP.DYN.LE00.IN,65.264,65.562,65.849,66.117,66.36,66.577,66.77,66.947,67.114,..
Pakistan,PAK,Merchandise trade (% of GDP),TG.VAL.TOTL.GD.ZS,33.4246537000481,32.4902104321192,30.6047294121168,30.1740473748351,29.5959800971878,24.3513239140959,24.1237685996381,26.0418673254222,26.6879041227505,..
Pakistan,PAK,Military expenditure (% of GDP),MS.MIL.XPND.GD.ZS,3.42369097294437,3.28565081602325,3.48439877285312,3.47097250708344,3.47657944030318,3.55138724305165,3.59141083969538,3.76619210655443,4.025735628755,..
Pakistan,PAK,Mobile cellular subscriptions (per 100 people),IT.CEL.SETS.P2,55.279945634669,59.3947936364454,64.1558918405059,66.7869641833466,69.5128245376886,63.130699818506,67.0275043548918,69.5148248314219,72.5570610319117,..
Pakistan,PAK,"Mortality rate, under-5 (per 1,000 live births)",SH.DYN.MORT,87.5,85.1,82.7,80.5,78.2,76,73.8,71.5,69.3,..
Pakistan,PAK,Net barter terms of trade index (2000 = 100),TT.PRI.MRCH.XD.WD,64.68503891,61.78676057,59.33760785,56.66977937,58.80350895,60.23919904,62.83297399,58.18602455,54.91775847,..
Pakistan,PAK,Net migration,SM.POP.NETM,..,..,-1079167,..,..,..,..,-1166895,..,..
Pakistan,PAK,Net official development assistance and official aid received (current US$),DT.ODA.ALLD.CD,2933209960.9375,3714360107.42188,2017410034.17969,2194469970.70313,3615820068.35938,3764020019.53125,2960939941.40625,2364179931.64063,1361979980.46875,..
Pakistan,PAK,"Personal remittances, received (current US$)",BX.TRF.PWKR.CD.DT,9690000000,12263000000,14007000000,14629000000,17244000000,19306000000,19808000000,19807000000,21194000000,..
Pakistan,PAK,Population density (people per sq. km of land area),EN.POP.DNST,232.753010844749,237.832855956829,242.945043327107,248.10984718763,253.355677926526,258.700399543379,264.149133457866,269.687481838937,275.289318700706,..
Pakistan,PAK,Population growth (annual %),SP.POP.GROW,2.19703399896102,2.15902890237783,2.1267117557464,2.10363216926499,2.09227627565648,2.08762905540145,2.08432094940616,2.07499708243152,2.05587986968414,..
Pakistan,PAK,"Population, total",SP.POP.TOTL,179424641,183340592,187281475,191262919,195306825,199426964,203627284,207896686,212215030,..
Pakistan,PAK,Poverty headcount ratio at $1.90 a day (2011 PPP) (% of population),SI.POV.DDAY,8.3,7.9,..,6.1,..,3.9,..,..,..,..
Pakistan,PAK,Poverty headcount ratio at national poverty lines (% of population),SI.POV.NAHC,36.8,36.3,..,29.5,..,24.3,..,..,..,..
Pakistan,PAK,"Prevalence of HIV, total (% of population ages 15-49)",SH.DYN.AIDS.ZS,0.1,0.1,0.1,0.1,0.1,0.1,0.1,0.1,0.1,..
Pakistan,PAK,"Prevalence of underweight, weight for age (% of children under 5)",SH.STA.MALN.ZS,..,30.9,..,31.8,..,..,..,..,23.1,..
Pakistan,PAK,"Primary completion rate, total (% of relevant age group)",SE.PRM.CMPT.ZS,62.30639,60.40693,63.48621,63.74631,64.54272,..,64.95687,..,71.0713,..
Pakistan,PAK,"Revenue, excluding grants (% of GDP)",GC.REV.XGRT.GD.ZS,..,..,..,..,..,..,..,..,..,..
Pakistan,PAK,"School enrollment, primary (% gross)",SE.PRM.ENRR,84.59361,80.85918,80.37719,79.65858,84.30747,85.08992,91.31746,90.58917,94.3282,..
Pakistan,PAK,"School enrollment, primary and secondary (gross), gender parity index (GPI)",SE.ENR.PRSC.FM.ZS,0.82162,0.81727,0.81743,0.8145,0.82981,0.8325,0.83951,0.84596,0.84889,..
Pakistan,PAK,"School enrollment, secondary (% gross)",SE.SEC.ENRR,33.17973,33.76794,34.9049,36.00167,37.32049,39.60365,40.95977,40.40159,42.67466,..
Pakistan,PAK,Statistical Capacity score (Overall average),IQ.SCI.OVRL,76.6666666666667,74.4444444444444,71.1111111111111,67.7777777777778,74.4444444444444,75.5555666666667,75.5555666666667,75.5555666666667,78.8889,74.4444666666667
Pakistan,PAK,Surface area (sq. km),AG.SRF.TOTL.K2,796100,796100,796100,796100,796100,796100,796100,796100,796100,..
Pakistan,PAK,Tax revenue (% of GDP),GC.TAX.TOTL.GD.ZS,..,..,..,..,..,..,..,..,..,..
Pakistan,PAK,Terrestrial and marine protected areas (% of total territorial area),ER.PTD.TOTL.ZS,..,..,..,..,..,..,9.7949078821214,9.7949542203294,9.7949542203294,..
Pakistan,PAK,Time required to start a business (days),IC.REG.DURS,..,..,..,20,20,20,20,19.5,16.5,16.5
Pakistan,PAK,"Total debt service (% of exports of goods, services and primary income)",DT.TDS.DECT.EX.ZS,15.0127731071441,9.22220691997893,15.340432604574,22.6881292450236,15.48082655607,14.049674562045,15.720414409913,23.2279963129371,19.8830986985886,..
Pakistan,PAK,Urban population growth (annual %),SP.URB.GROW,2.78164748784569,2.74308354325209,2.71020097353863,2.6809268074333,2.66905119874016,2.66387059227339,2.66002136052852,2.64740189244981,2.66867436174866,..
Sri Lanka,LKA,"Adolescent fertility rate (births per 1,000 women ages 15-19)",SP.ADO.TFRT,22.0238,21.9354,21.847,21.6628,21.4786,21.2944,21.1102,20.926,20.6904,..
Sri Lanka,LKA,"Agriculture, forestry, and fishing, value added (% of GDP)",NV.AGR.TOTL.ZS,8.49614027763446,8.83166396340375,7.44932552745842,7.66651651786187,8.0066097934062,8.18427146086627,7.42679969565881,7.78204998623161,7.86972616318077,..
Sri Lanka,LKA,"Annual freshwater withdrawals, total (% of internal resources)",ER.H2O.FWTL.ZS,..,..,..,..,..,..,..,..,..,..
Sri Lanka,LKA,Births attended by skilled health staff (% of total),SH.STA.BRTC.ZS,..,..,..,..,99.95,..,..,..,..,..
Sri Lanka,LKA,CO2 emissions (metric tons per capita),EN.ATM.CO2E.PC,0.654610164962658,0.742076615779362,0.784926511627907,0.75246091814428,0.885247473289056,..,..,..,..,..
Sri Lanka,LKA,"Contraceptive prevalence, any methods (% of women ages 15-49)",SP.DYN.CONU.ZS,..,..,..,..,..,..,61.7,..,..,..
Sri Lanka,LKA,Domestic credit provided by financial sector (% of GDP),FS.AST.DOMS.GD.ZS,35.5260245202772,53.6374038236811,54.1987626798918,57.5376194529079,60.9177098468,68.3003834163077,71.3241859099624,..,..,..
Sri Lanka,LKA,Electric power consumption (kWh per capita),EG.USE.ELEC.KH.PC,459.684182061982,502.14058073394,524.308445532436,525.722613553558,531.090576571374,..,..,..,..,..
Sri Lanka,LKA,Energy use (kg of oil equivalent per capita),EG.USE.PCAP.KG.OE,480.771860773832,512.674110616035,551.020709914321,487.378430896284,515.5110212725,..,..,..,..,..
Sri Lanka,LKA,Exports of goods and services (% of GDP),NE.EXP.GNFS.ZS,19.5523202563194,20.8968387282014,19.8164817811519,20.3203983024553,21.088762290753,21.013103191359,21.1739837919769,21.6847357973021,22.7849790406525,..
Sri Lanka,LKA,"External debt stocks, total (DOD, current US$)",DT.DOD.DECT.CD,21684210688.5,25795379781.1,35735941876,39314573725,42262839820.3,43925102206.7,46646290651.5,50760220715.1,52626036436.9,..
Sri Lanka,LKA,"Fertility rate, total (births per woman)",SP.DYN.TFRT.IN,2.248,2.237,2.227,2.22,2.216,2.213,2.211,2.206,2.199,..
Sri Lanka,LKA,"Foreign direct investment, net inflows (BoP, current US$)",BX.KLT.DINV.CD.WD,477559000,955920000,941116591.230408,932551317.582881,893628980.287065,679655644.244789,897049375.883533,1372723043.13402,1610543974.22884,..
Sri Lanka,LKA,Forest area (sq. km),AG.LND.FRST.K2,21030,20963.9990234375,20898.0004882813,20831.9995117188,20766.0009765625,20700,20633.9990234375,..,..,..
Sri Lanka,LKA,GDP (current US$),NY.GDP.MKTP.CD,56725749221.9043,65292753005.4664,68434409315.1123,74317806538.3632,79356449840.5771,80604080688.5775,82401038709.5356,88019706803.834,88900770857.6351,..
Sri Lanka,LKA,GDP growth (annual %),NY.GDP.MKTP.KD.ZG,8.01596737088065,8.404733021011,9.14457224642567,3.39573264983426,4.9607005916973,5.00768330472781,4.48663453096836,3.41981918897194,3.20913112799197,..
Sri Lanka,LKA,"GNI per capita, Atlas method (current US$)",NY.GNP.PCAP.CD,2410,2850,3360,3490,3640,3760,3810,3880,4060,..
Sri Lanka,LKA,"GNI per capita, PPP (current international $)",NY.GNP.PCAP.PP.CD,8240,9060,9990,10370,10990,11530,12030,12540,13110,..
Sri Lanka,LKA,"GNI, Atlas method (current US$)",NY.GNP.ATLS.CD,48796024975.5631,58046838743.5935,68558095199.7878,71920817464.2646,75601403888.6412,78752855987.8094,80682231246.7137,83124959424.9849,87896171382.1976,..
Sri Lanka,LKA,"GNI, PPP (current international $)",NY.GNP.MKTP.PP.CD,166922138703.624,184899504319.22,204066421100.654,213423870286.366,228432858317.171,241865358317.015,255072385397.32,268906141541.777,284054882889.087,..
Sri Lanka,LKA,Gross capital formation (% of GDP),NE.GDI.TOTL.ZS,30.3524724520065,33.3638720336013,39.0555409664635,33.2494158382693,32.3095150617356,31.1813886951806,27.8521793401327,28.8259352611383,28.5842606080213,..
Sri Lanka,LKA,High-technology exports (% of manufactured exports),TX.VAL.TECH.MF.ZS,1.13006942496504,1.03556624876196,0.95100903686512,1.03951966630786,0.954921920291047,0.89174573767175,0.94460974927039,1.02026325926223,..,..
Sri Lanka,LKA,"Immunization, measles (% of children ages 12-23 months)",SH.IMM.MEAS,99,99,99,99,99,99,99,99,99,..
Sri Lanka,LKA,Imports of goods and services (% of GDP),NE.IMP.GNFS.ZS,26.8115666917605,34.0877374508357,31.6755983185886,28.9373940401479,29.162120411209,28.5456934017751,28.4621029250889,28.8600239548216,30.1336493582251,..
Sri Lanka,LKA,Income share held by lowest 20%,SI.DST.FRST.20,..,..,7.1,..,..,..,7,..,..,..
Sri Lanka,LKA,"Industry (including construction), value added (% of GDP)",NV.IND.TOTL.ZS,26.64414583667,27.9956667878927,30.1262758952898,29.1627580148967,28.2979988688692,27.1695261892296,27.8209763949106,27.2907034556288,26.9923030872516,..
Sri Lanka,LKA,"Inflation, GDP deflator (annual %)",NY.GDP.DEFL.KD.ZG,22.7992606321892,3.83139408196725,10.8284322331401,6.23691336073352,2.91210382604123,0.649042284642704,4.8431358204671,8.15680355840325,4.33993687249512,..
Sri Lanka,LKA,"Life expectancy at birth, total (years)",SP.DYN.LE00.IN,75.439,75.614,75.796,75.974,76.147,76.316,76.482,76.648,76.812,..
Sri Lanka,LKA,Merchandise trade (% of GDP),TG.VAL.TOTL.GD.ZS,38.9840598023531,46.7203458206856,41.7480040902332,37.9599470356237,38.7051084841935,36.524205410573,35.7920245446943,36.7417720125731,38.7341973166284,..
Sri Lanka,LKA,Military expenditure (% of GDP),MS.MIL.XPND.GD.ZS,2.70074764247987,2.68315761113058,2.15519943702546,2.15404824896398,2.41264701190051,2.55280462978562,2.142560071302,2.14799913812899,1.891496667079,..
Sri Lanka,LKA,Mobile cellular subscriptions (per 100 people),IT.CEL.SETS.P2,85.6753396808971,89.8078275080757,94.1568237826676,98.3163372912203,106.419358269575,114.308451964406,122.720085384397,133.467627273567,142.650723454777,..
Sri Lanka,LKA,"Mortality rate, under-5 (per 1,000 live births)",SH.DYN.MORT,11.6,11.2,10.6,10,9.4,8.8,8.2,7.8,7.4,..
Sri Lanka,LKA,Net barter terms of trade index (2000 = 100),TT.PRI.MRCH.XD.WD,109.8962502,99.79717962,98.45755033,103.0551429,107.3425713,110.0882088,114.5264448,115.9619524,116.256546,..
Sri Lanka,LKA,Net migration,SM.POP.NETM,..,..,-484772,..,..,..,..,-489932,..,..
Sri Lanka,LKA,Net official development assistance and official aid received (current US$),DT.ODA.ALLD.CD,558590026.855469,612640014.648438,490890014.648438,403170013.427734,491630004.882813,445010009.765625,373480010.986328,313559997.558594,-257970001.220703,..
Sri Lanka,LKA,"Personal remittances, received (current US$)",BX.TRF.PWKR.CD.DT,4123130000,5153010000,5999552324.37494,6422186627.14356,7036326550.64495,6999731474.7887,7261851525.12139,7190296015.03347,7043039552.3926,..
Sri Lanka,LKA,Population density (people per sq. km of land area),EN.POP.DNST,323.102168713124,325.285759846914,325.70562908627,328.257056290863,331.334715356403,334.396428001914,338.111943868601,341.955031095519,345.558922022006,..
Sri Lanka,LKA,Population growth (annual %),SP.POP.GROW,0.684554667434635,0.67354720616286,0.128993809968399,0.780301447580142,0.933207942647201,0.91981102654886,1.10498361865849,1.13022048648777,1.04839295829763,..
Sri Lanka,LKA,"Population, total",SP.POP.TOTL,20261737,20398670,20425000,20585000,20778000,20970000,21203000,21444000,21670000,..
Sri Lanka,LKA,Poverty headcount ratio at $1.90 a day (2011 PPP) (% of population),SI.POV.DDAY,..,..,1.9,..,..,..,0.8,..,..,..
Sri Lanka,LKA,Poverty headcount ratio at national poverty lines (% of population),SI.POV.NAHC,..,..,6.7,..,..,..,4.1,..,..,..
Sri Lanka,LKA,"Prevalence of HIV, total (% of population ages 15-49)",SH.DYN.AIDS.ZS,0.1,0.1,0.1,0.1,0.1,0.1,0.1,0.1,0.1,..
Sri Lanka,LKA,"Prevalence of underweight, weight for age (% of children under 5)",SH.STA.MALN.ZS,..,..,26.1,..,..,..,20.5,..,..,..
Sri Lanka,LKA,"Primary completion rate, total (% of relevant age group)",SE.PRM.CMPT.ZS,98.91219,100.13207,97.25628,98.31142,98.10511,99.05147,101.10927,102.34504,102.55794,..
Sri Lanka,LKA,"Revenue, excluding grants (% of GDP)",GC.REV.XGRT.GD.ZS,12.742777413847,12.9486388183427,12.0313016297045,11.858175360605,11.3655428597421,13.2849138252818,14.0517130472548,13.6495120824926,13.2870786673825,..
Sri Lanka,LKA,"School enrollment, primary (% gross)",SE.PRM.ENRR,99.50329,99.52459,99.95391,100.64361,101.35966,101.66147,101.47404,100.63271,100.16202,..
Sri Lanka,LKA,"School enrollment, primary and secondary (gross), gender parity index (GPI)",SE.ENR.PRSC.FM.ZS,0.99738,0.99589,1.01833,1.01747,..,..,1.01146,1.02472,1.02416,..
Sri Lanka,LKA,"School enrollment, secondary (% gross)",SE.SEC.ENRR,96.8614,98.97299,99.44697,99.48949,..,..,97.62885,98.02663,100.33522,..
Sri Lanka,LKA,Statistical Capacity score (Overall average),IQ.SCI.OVRL,76.6666666666667,76.6666666666667,78.8888888888889,78.8888888888889,78.8888888888889,73.3333333333333,83.3333333333333,83.3333333333333,86.6666666666667,81.1111333333333
Sri Lanka,LKA,Surface area (sq. km),AG.SRF.TOTL.K2,65610,65610,65610,65610,65610,65610,65610,65610,65610,..
Sri Lanka,LKA,Tax revenue (% of GDP),GC.TAX.TOTL.GD.ZS,11.3000305616986,11.2563933378824,10.4084147644472,10.4866231718808,10.1375062355162,12.3799519124394,12.201389606995,12.4470296827318,11.8500072966585,..
Sri Lanka,LKA,Terrestrial and marine protected areas (% of total territorial area),ER.PTD.TOTL.ZS,..,..,..,..,..,..,3.37879848480939,3.37864252327298,3.37864252327298,..
Sri Lanka,LKA,Time required to start a business (days),IC.REG.DURS,38,35,11,11,11,10,9,9,9,8
Sri Lanka,LKA,"Total debt service (% of exports of goods, services and primary income)",DT.TDS.DECT.EX.ZS,12.3287816485283,9.31997112621852,15.4910585794059,14.0592641010884,38.2357233236187,20.8018706740076,18.9118445094758,21.837414947527,36.0241498331276,..
Sri Lanka,LKA,Urban population growth (annual %),SP.URB.GROW,0.596810444747985,0.591223889993069,0.0465865159169014,0.791284261836151,1.04305673316786,1.12817453869436,1.40579824719896,1.52810489553451,1.5475740945304,..
,,,,,,,,,,,,,
,,,,,,,,,,,,,
,,,,,,,,,,,,,
Data from database: World Development Indicators,,,,,,,,,,,,,
Last Updated: 04/09/2020,,,,,,,,,,,,,
